puma,population,white_nh,black_nh,hispanic,asian_nh,aian_nhpi,other_2plus,pct_white_nh,pct_black_nh,pct_hispanic,pct_asian_nh,pct_aian_nhpi,pct_other_2plus,pct_other_2plus_combined,households,mean_household_income,median_household_income
4103,155150,55606,13828,36058,42817,324,6517,0.358401546890106,0.0891266516274573,0.232407347728005,0.27597164034805,0.00208830164357074,0.0420045117628102,0.0440928134063809,73758,107331.53501993,52500
4104,118262,63399,8504,21126,17700,210,7323,0.536089360910521,0.0719081361722278,0.178637263026162,0.149667687000051,0.00177571832033959,0.061921834570699,0.0636975528910385,68730,182509.643037975,108200
4107,221443,139442,14027,32920,23970,99,10985,0.62969703264497,0.0633436143838369,0.148661280781059,0.108244559548055,0.000447067642689089,0.0496064449993904,0.0500535126420795,108523,221469.161191637,129050
4108,211724,154501,6695,19854,21801,121,8752,0.729728325555912,0.031621356105118,0.0937730252592998,0.102968959588899,0.00057149874364739,0.0413368347471236,0.041908333490771,110828,236851.991644711,140000
4109,112774,27748,25966,42739,11585,119,4617,0.246049621366627,0.230248106833135,0.378979197332719,0.102727579051909,0.00105520776065405,0.0409402876549559,0.04199549541561,41049,97135.3438573412,55000
4110,134870,21515,66327,33264,5501,54,8209,0.159523986060651,0.491784681545192,0.246637502780455,0.0407874249277082,0.000400385556461778,0.0608660191295321,0.0612664046859939,58715,89166.1435748957,52000
4111,127438,18789,39096,52250,11460,150,5693,0.147436400445707,0.306784475588129,0.410003295720272,0.0899260817024749,0.00117704295422088,0.0446727035891963,0.0458497465434172,55101,74039.7344875774,36700
4112,197302,40316,14907,128956,6488,277,6358,0.20433649937659,0.0755542265156968,0.65359702385176,0.0328835997607728,0.00140393913898491,0.0322247113561951,0.03362865049518,75391,89114.0507487631,60000
4121,155159,101490,5883,13079,25696,164,8847,0.654103210255287,0.0379159442894064,0.084294175652073,0.165610760574636,0.00105698025896016,0.0570189289696376,0.0580759092285978,78543,270510.778427104,167000
4165,194841,122423,9461,17952,33433,396,11176,0.628322580976283,0.0485575417904856,0.0921366652809214,0.171591194871716,0.00203242644002032,0.0573595906405736,0.0593920170805939,107173,202647.078200666,132000
4204,146631,5536,47645,87610,1592,522,3726,0.0377546357864299,0.324931290109186,0.597486206873035,0.0108571857247103,0.00355995662581582,0.0254107248808233,0.0289706815066391,56688,55569.0793465989,40000
4205,131198,2415,36220,88302,977,225,3059,0.0184072927940975,0.276071281574414,0.673043796399335,0.00744675985914419,0.00171496516715194,0.0233159042058568,0.0250308693730087,47289,49676.2695341411,34700
4207,127793,7441,17954,93430,6661,322,1985,0.0582269764384591,0.140492828245679,0.731104207585705,0.0521233557393598,0.00251969982706408,0.0155329321637335,0.0180526319907976,50346,55470.8088428078,40000
4208,97512,32751,13021,43670,3982,31,4057,0.335866354910165,0.13353228320617,0.447842316843055,0.0408359996718353,0.000317909590614488,0.0416051357781606,0.0419230453687751,40692,106042.593875946,72000
4209,168887,3748,44852,95952,16978,457,6900,0.0221923534671111,0.265574022867361,0.56814319633838,0.100528755913717,0.00270595131656078,0.0408557200968695,0.0435616714134303,63394,61720.7739218223,42300
4210,127259,28182,30509,54809,10013,109,3637,0.221453885383352,0.239739429038418,0.430688595698536,0.0786820578505253,0.000856520953331395,0.0285795110758375,0.0294360320291689,50776,83428.2340081929,64000
4211,113967,23042,24575,51478,10626,360,3886,0.202181333192942,0.215632595400423,0.451692156501443,0.0932375161230883,0.00315880912895838,0.0340975896531452,0.0372563987821036,42884,75302.6481671486,55100
4212,158176,9336,91742,45340,3474,807,7477,0.059022860610965,0.579999494234271,0.286642727088812,0.0219628767954683,0.00510191179445681,0.0472701294760267,0.0523720412704835,57533,80655.6850850816,58500
4221,155129,3763,38604,107666,1246,336,3514,0.0242572310786507,0.248850956300885,0.694041733009302,0.00803202495987211,0.00216593931502169,0.0226521153362685,0.0248180546512902,57982,46920.8987271912,29400
4263,177301,7575,57696,104758,1336,457,5479,0.0427239553076407,0.325412716228335,0.590848331368689,0.00753520848726178,0.00257753763374149,0.0309022509743318,0.0334797886080733,66344,43823.359911974,31000
4301,207774,123995,14104,44251,14549,183,10692,0.596778230192421,0.0678814481118908,0.212976599574538,0.0700231982827495,0.000880764677004823,0.0514597591613965,0.0523405238384013,85667,143711.464811421,96000
4302,128183,62317,23217,17690,14823,251,9885,0.486156510613732,0.181123861978578,0.138005819804498,0.115639359353424,0.00195813797461442,0.0771163102751535,0.0790744482497679,61223,197551.969096581,130000
4303,182770,52219,75134,34027,7819,262,13309,0.285708814356842,0.411084970181102,0.186173879739563,0.0427805438529299,0.00143349565027083,0.072818296219292,0.0742517918695628,71580,108953.646130204,73000
4304,112526,28940,18702,52106,6727,101,5950,0.257185006131916,0.166201588966106,0.463057426728045,0.0597817393313545,0.000897570339299362,0.0528766685032792,0.0537742388425786,45492,100311.371010288,78800
4305,198985,6540,94034,70738,13854,479,13340,0.0328667990049501,0.472568284041511,0.355494132723572,0.0696233384425962,0.00240721662436867,0.0670402291630022,0.0694474457873709,71948,67135.0377494857,50000
4306,120197,73482,10489,18253,9414,50,8509,0.611346373037597,0.0872650731715434,0.151859031423413,0.0783214223316722,0.00041598375999401,0.0707921162757806,0.0712081000357746,52116,221720.082930386,154000
4307,120291,33927,3321,49639,28466,350,4588,0.282041050452652,0.0276080504775918,0.412657638559826,0.236642807857612,0.00290961086033037,0.0381408417919878,0.0410504526523181,41131,119514.483479614,79500
4308,109891,32044,48989,14206,5497,127,9028,0.291598038055892,0.445796289050059,0.129273552884222,0.050022294819412,0.00115569063890583,0.0821541345515101,0.0833098251904159,48512,120815.029889512,80000
4309,98449,28347,50957,9108,2523,17,7497,0.28793588558543,0.517597944113196,0.0925149061950858,0.0256274822496927,0.000172678239494561,0.0761511036171013,0.0763237818565958,40483,100250.678704641,68900
4310,124997,64377,2895,24114,28732,238,4641,0.515028360680656,0.0231605558533405,0.19291662999912,0.2298615166764,0.00190404569709673,0.0371288910933862,0.039032936790483,49215,114325.802296048,80000
4311,181237,66764,3137,32637,73619,467,4613,0.368379525152149,0.0173088276676396,0.180079122916402,0.40620292765826,0.00257673653834482,0.0254528600672048,0.0280295966055496,62329,85097.079224759,60000
4312,196473,117768,6534,25762,36150,386,9873,0.599410606037471,0.033256477989342,0.131122342510167,0.183994747369868,0.00196464654176401,0.0502511795513887,0.0522158260931528,55094,93565.6389080481,60600
4313,111213,59040,14718,17821,14493,135,5006,0.530873189285425,0.132340643629791,0.160242058032784,0.130317498853551,0.00121388686574411,0.0450127233327039,0.046226610198448,46712,71959.1488268539,43000
4314,154901,55243,46264,23094,19743,213,10344,0.356634237351599,0.298668181612772,0.149088772829097,0.127455600673979,0.00137507182006572,0.0667781357124873,0.0681532075325531,59494,106028.131240125,73100
4315,152567,93750,7555,14814,28639,278,7531,0.614484128284623,0.0495192276180301,0.0970983240150229,0.187714250132729,0.00182215026840667,0.0493619196811893,0.0511840699495959,58658,89885.1975178151,63100
4316,101127,5373,64598,23228,2299,278,5351,0.0531312112492213,0.638780938819504,0.229691378168046,0.0227337901846193,0.00274901856081956,0.0529136630177895,0.0556626815786091,38991,58867.3386166038,39700
4317,147949,7276,110398,11353,3139,120,15663,0.0491791090172965,0.746189565323186,0.0767359022365815,0.0212167706439381,0.000811090308146726,0.105867562470851,0.106678652778998,57110,83523.3069514971,64400
4318,181058,37210,103119,15731,11108,288,13602,0.205514255100575,0.569535728882458,0.0868837610047609,0.0613505064675408,0.0015906505097814,0.0751250980348839,0.0767157485446653,63780,102709.518532455,79200
4401,176768,82707,10715,46535,28070,480,8261,0.467884458725561,0.0606161748732802,0.26325466147719,0.158795709630702,0.00271542360608255,0.0467335716871832,0.0494489952932658,81731,107984.487599564,80000
4402,124442,36823,2955,37360,42719,213,4372,0.29590491956092,0.0237460021536137,0.30022018289645,0.343284421658283,0.00171164076437216,0.0351328329663618,0.036844473730734,55701,127492.485018222,85000
4403,161372,17785,10005,99565,28968,272,4777,0.110211189053863,0.0619996034008378,0.616990555982451,0.179510695783655,0.00168554643928315,0.0296024093399103,0.0312879557791934,53966,92527.9331430901,70000
4404,167268,8989,9245,87610,57409,359,3656,0.0537401056986393,0.0552705837338881,0.523770236984958,0.343215677834374,0.00214625630724347,0.0218571394408972,0.0240033957481407,53453,81944.4134099115,63000
4405,177038,81972,3297,67782,18106,541,5340,0.463019238807488,0.0186231204600142,0.382866955116981,0.102271828646957,0.00305584111885584,0.0301630158497046,0.0332188569685604,65677,102713.520867275,80100
4406,123341,50989,4542,23454,36482,193,7681,0.413398626571862,0.0368247379216968,0.190155747075182,0.295781613575372,0.00156476759552785,0.0622745072603595,0.0638392748558873,53573,119601.357997499,91300
4407,248817,55599,4384,45550,135460,1336,6488,0.223453381400789,0.0176193748819413,0.183066269587689,0.544416177351226,0.00536940803883979,0.0260753887395154,0.0314447967783552,94645,94110.7691267367,65000
4408,151261,43496,18054,30456,47476,886,10893,0.287555946344398,0.11935660877556,0.201347340028163,0.313868082321286,0.00585742524510614,0.0720145972854867,0.0778720225305928,56247,98465.7910644123,78800
4409,146308,24368,8596,59959,38367,148,14870,0.166552751729229,0.0587527681329797,0.409813544030402,0.262234464280832,0.0010115646444487,0.101634907182109,0.102646471826558,46765,104963.470629744,79400
4410,135928,26536,16994,35544,30957,1787,24110,0.195220999352598,0.125022070507916,0.261491377788241,0.227745571184745,0.0131466658819375,0.177373315284562,0.1905199811665,41693,110348.544599813,86300
4411,120163,42021,2792,16957,54364,286,3743,0.349699990845768,0.0232351056481612,0.141116649883908,0.452418797799656,0.00238010036367268,0.0311493554588351,0.0335294558225078,45163,118911.970595399,92800
4412,253583,4794,139465,43535,39771,1171,24847,0.0189050527835068,0.549977719326611,0.171679489555688,0.156836223248404,0.00461781744044356,0.0979836976453469,0.10260151508579,80268,91412.0879055165,69200
4413,204697,17166,106853,27974,38842,69,13793,0.083860535327826,0.522005696224175,0.136660527511395,0.189753635861786,0.000337083591845508,0.0673825214829724,0.0677196050748179,65099,117426.914453371,97200
4414,131039,45057,43487,30227,5127,260,6881,0.343844199055243,0.331863033142805,0.230671784735842,0.0391257564541854,0.00198414212562672,0.052511084486298,0.0544952266119247,46703,88996.208808856,60000
4501,182493,60801,37612,56550,20152,362,7016,0.333168943466325,0.206101055930912,0.309874899311206,0.110426153331909,0.00198363772857041,0.0384453102310774,0.0404289479596478,63271,101300.893553129,79000
4502,141478,84060,4389,19285,28812,258,4674,0.594155981848768,0.0310224911293629,0.136310945871443,0.203650037461655,0.00182360508347588,0.0330369386052955,0.0348605436887714,48273,114744.294118866,85320
4503,170825,130405,1179,21011,13865,134,4231,0.763383579686814,0.00690180008780916,0.122997219376555,0.0811649348748719,0.000784428508707742,0.0247680374652422,0.0255524659739499,59163,126486.150330443,102000
